cluster_id,cluster_name,main_category,video_count,avg_watch_count,avg_like_rate,avg_collect_rate,avg_share_rate
0,游戏类视频群,游戏,20067,6.51,0.2575,0.0966,0.0531
1,科技类视频群,科技,9986,6.09,0.2088,0.1213,0.0587
2,宠物类视频群,宠物,10028,6.74,0.2422,0.1312,0.0522
3,搞笑类视频群,搞笑,9944,6.7,0.2539,0.1199,0.0415
4,学习类视频群,学习,10086,6.59,0.2296,0.1376,0.0527
5,生活类视频群,生活,9834,6.5,0.2197,0.107,0.072
6,动漫类视频群,动漫,10138,6.54,0.2582,0.1218,0.0503
7,运动类视频群,运动,9842,7.19,0.2229,0.0856,0.0669
8,美食类视频群,美食,10075,6.24,0.1887,0.0815,0.0715
